Timestamp,Temperature (°C),Temperature (°F),Image Filename
11-30-2024 11:56AM,20.40,68.72,Pictures/11-30-2024-11:56AM.jpg
11-30-2024 11:58AM,20.40,68.72,Pictures/11-30-2024-11:58AM.jpg
11-30-2024 12:03PM,20.40,68.72,Pictures/11-30-2024-12:03PM.jpg
11-30-2024 12:08PM,20.40,68.72,Pictures/11-30-2024-12:08PM.jpg
11-30-2024 12:13PM,20.40,68.72,Pictures/11-30-2024-12:13PM.jpg
11-30-2024 12:18PM,20.40,68.72,Pictures/11-30-2024-12:18PM.jpg
11-30-2024 12:23PM,20.40,68.72,Pictures/11-30-2024-12:23PM.jpg
11-30-2024 12:28PM,20.40,68.72,Pictures/11-30-2024-12:28PM.jpg
11-30-2024 12:34PM,20.40,68.72,Pictures/11-30-2024-12:34PM.jpg
11-30-2024 12:39PM,20.40,68.72,Pictures/11-30-2024-12:39PM.jpg
11-30-2024 12:44PM,20.40,68.72,Pictures/11-30-2024-12:44PM.jpg
11-30-2024 12:49PM,20.40,68.72,Pictures/11-30-2024-12:49PM.jpg
11-30-2024 12:54PM,20.40,68.72,Pictures/11-30-2024-12:54PM.jpg
11-30-2024 12:59PM,20.40,68.72,Pictures/11-30-2024-12:59PM.jpg
11-30-2024 01:04PM,20.40,68.72,Pictures/11-30-2024-01:04PM.jpg
11-30-2024 01:09PM,20.40,68.72,Pictures/11-30-2024-01:09PM.jpg
11-30-2024 01:14PM,20.40,68.72,Pictures/11-30-2024-01:14PM.jpg
11-30-2024 01:19PM,20.40,68.72,Pictures/11-30-2024-01:19PM.jpg
11-30-2024 01:24PM,20.40,68.72,Pictures/11-30-2024-01:24PM.jpg
11-30-2024 01:29PM,20.40,68.72,Pictures/11-30-2024-01:29PM.jpg
11-30-2024 01:34PM,20.40,68.72,Pictures/11-30-2024-01:34PM.jpg
11-30-2024 01:39PM,20.40,68.72,Pictures/11-30-2024-01:39PM.jpg
11-30-2024 01:44PM,20.40,68.72,Pictures/11-30-2024-01:44PM.jpg
11-30-2024 01:49PM,20.40,68.72,Pictures/11-30-2024-01:49PM.jpg
11-30-2024 01:54PM,20.40,68.72,Pictures/11-30-2024-01:54PM.jpg
11-30-2024 01:59PM,20.40,68.72,Pictures/11-30-2024-01:59PM.jpg
11-30-2024 02:04PM,20.40,68.72,Pictures/11-30-2024-02:04PM.jpg
11-30-2024 02:09PM,20.40,68.72,Pictures/11-30-2024-02:09PM.jpg
11-30-2024 02:14PM,20.40,68.72,Pictures/11-30-2024-02:14PM.jpg
11-30-2024 02:19PM,20.40,68.72,Pictures/11-30-2024-02:19PM.jpg
11-30-2024 02:24PM,20.40,68.72,Pictures/11-30-2024-02:24PM.jpg
11-30-2024 02:29PM,20.40,68.72,Pictures/11-30-2024-02:29PM.jpg
11-30-2024 02:34PM,20.40,68.72,Pictures/11-30-2024-02:34PM.jpg
11-30-2024 02:39PM,20.40,68.72,Pictures/11-30-2024-02:39PM.jpg
11-30-2024 02:44PM,20.40,68.72,Pictures/11-30-2024-02:44PM.jpg
11-30-2024 02:49PM,20.40,68.72,Pictures/11-30-2024-02:49PM.jpg
11-30-2024 02:54PM,20.40,68.72,Pictures/11-30-2024-02:54PM.jpg
11-30-2024 02:59PM,20.40,68.72,Pictures/11-30-2024-02:59PM.jpg
11-30-2024 03:04PM,20.40,68.72,Pictures/11-30-2024-03:04PM.jpg
11-30-2024 03:09PM,20.40,68.72,Pictures/11-30-2024-03:09PM.jpg
11-30-2024 03:14PM,20.40,68.72,Pictures/11-30-2024-03:14PM.jpg
11-30-2024 03:19PM,20.40,68.72,Pictures/11-30-2024-03:19PM.jpg
11-30-2024 03:24PM,20.40,68.72,Pictures/11-30-2024-03:24PM.jpg
11-30-2024 03:29PM,20.40,68.72,Pictures/11-30-2024-03:29PM.jpg
11-30-2024 03:34PM,20.40,68.72,Pictures/11-30-2024-03:34PM.jpg
11-30-2024 03:39PM,20.40,68.72,Pictures/11-30-2024-03:39PM.jpg
11-30-2024 03:44PM,20.40,68.72,Pictures/11-30-2024-03:44PM.jpg
11-30-2024 03:49PM,20.40,68.72,Pictures/11-30-2024-03:49PM.jpg
11-30-2024 03:54PM,20.40,68.72,Pictures/11-30-2024-03:54PM.jpg
11-30-2024 03:59PM,20.40,68.72,Pictures/11-30-2024-03:59PM.jpg
11-30-2024 04:04PM,20.40,68.72,Pictures/11-30-2024-04:04PM.jpg
11-30-2024 04:09PM,20.40,68.72,Pictures/11-30-2024-04:09PM.jpg
11-30-2024 04:14PM,20.40,68.72,Pictures/11-30-2024-04:14PM.jpg
11-30-2024 04:19PM,20.40,68.72,Pictures/11-30-2024-04:19PM.jpg
11-30-2024 04:24PM,20.40,68.72,Pictures/11-30-2024-04:24PM.jpg
11-30-2024 04:29PM,20.40,68.72,Pictures/11-30-2024-04:29PM.jpg
11-30-2024 04:34PM,20.40,68.72,Pictures/11-30-2024-04:34PM.jpg
11-30-2024 04:39PM,20.40,68.72,Pictures/11-30-2024-04:39PM.jpg
11-30-2024 04:44PM,20.40,68.72,Pictures/11-30-2024-04:44PM.jpg
11-30-2024 04:49PM,20.40,68.72,Pictures/11-30-2024-04:49PM.jpg
11-30-2024 04:54PM,20.40,68.72,Pictures/11-30-2024-04:54PM.jpg
11-30-2024 04:59PM,20.40,68.72,Pictures/11-30-2024-04:59PM.jpg
11-30-2024 05:04PM,20.40,68.72,Pictures/11-30-2024-05:04PM.jpg
11-30-2024 05:09PM,20.40,68.72,Pictures/11-30-2024-05:09PM.jpg
11-30-2024 05:14PM,20.40,68.72,Pictures/11-30-2024-05:14PM.jpg
11-30-2024 05:19PM,20.40,68.72,Pictures/11-30-2024-05:19PM.jpg
11-30-2024 05:24PM,20.40,68.72,Pictures/11-30-2024-05:24PM.jpg
11-30-2024 05:29PM,20.40,68.72,Pictures/11-30-2024-05:29PM.jpg
11-30-2024 05:34PM,20.40,68.72,Pictures/11-30-2024-05:34PM.jpg
11-30-2024 05:39PM,20.40,68.72,Pictures/11-30-2024-05:39PM.jpg
11-30-2024 05:44PM,20.40,68.72,Pictures/11-30-2024-05:44PM.jpg
11-30-2024 05:49PM,20.40,68.72,Pictures/11-30-2024-05:49PM.jpg
11-30-2024 05:54PM,20.40,68.72,Pictures/11-30-2024-05:54PM.jpg
11-30-2024 05:59PM,20.40,68.72,Pictures/11-30-2024-05:59PM.jpg
11-30-2024 06:04PM,20.40,68.72,Pictures/11-30-2024-06:04PM.jpg
11-30-2024 06:09PM,20.40,68.72,Pictures/11-30-2024-06:09PM.jpg
11-30-2024 06:14PM,20.40,68.72,Pictures/11-30-2024-06:14PM.jpg
11-30-2024 06:19PM,20.40,68.72,Pictures/11-30-2024-06:19PM.jpg
11-30-2024 06:24PM,20.40,68.72,Pictures/11-30-2024-06:24PM.jpg
11-30-2024 06:29PM,20.40,68.72,Pictures/11-30-2024-06:29PM.jpg
11-30-2024 06:34PM,20.40,68.72,Pictures/11-30-2024-06:34PM.jpg
11-30-2024 06:39PM,20.40,68.72,Pictures/11-30-2024-06:39PM.jpg
11-30-2024 06:44PM,20.40,68.72,Pictures/11-30-2024-06:44PM.jpg
11-30-2024 06:49PM,20.40,68.72,Pictures/11-30-2024-06:49PM.jpg
11-30-2024 06:54PM,20.30,68.72,Pictures/11-30-2024-06:54PM.jpg
11-30-2024 06:59PM,20.30,68.54,Pictures/11-30-2024-06:59PM.jpg
11-30-2024 07:04PM,20.30,68.54,Pictures/11-30-2024-07:04PM.jpg
11-30-2024 07:09PM,20.30,68.72,Pictures/11-30-2024-07:09PM.jpg
11-30-2024 07:14PM,20.30,68.54,Pictures/11-30-2024-07:14PM.jpg
11-30-2024 07:19PM,20.30,68.54,Pictures/11-30-2024-07:19PM.jpg
11-30-2024 07:24PM,20.30,68.54,Pictures/11-30-2024-07:24PM.jpg
11-30-2024 07:29PM,20.30,68.54,Pictures/11-30-2024-07:29PM.jpg
11-30-2024 07:34PM,20.30,68.54,Pictures/11-30-2024-07:34PM.jpg
11-30-2024 07:39PM,20.30,68.54,Pictures/11-30-2024-07:39PM.jpg
11-30-2024 07:44PM,20.30,68.54,Pictures/11-30-2024-07:44PM.jpg
11-30-2024 07:49PM,20.30,68.54,Pictures/11-30-2024-07:49PM.jpg
11-30-2024 07:54PM,20.30,68.54,Pictures/11-30-2024-07:54PM.jpg
11-30-2024 07:59PM,20.30,68.54,Pictures/11-30-2024-07:59PM.jpg
11-30-2024 08:04PM,20.30,68.54,Pictures/11-30-2024-08:04PM.jpg
11-30-2024 08:09PM,20.30,68.54,Pictures/11-30-2024-08:09PM.jpg
11-30-2024 08:14PM,20.30,68.54,Pictures/11-30-2024-08:14PM.jpg
11-30-2024 08:19PM,20.30,68.54,Pictures/11-30-2024-08:19PM.jpg
11-30-2024 08:24PM,20.30,68.54,Pictures/11-30-2024-08:24PM.jpg
11-30-2024 08:29PM,20.30,68.54,Pictures/11-30-2024-08:29PM.jpg
11-30-2024 08:34PM,20.30,68.54,Pictures/11-30-2024-08:34PM.jpg
11-30-2024 08:39PM,20.30,68.72,Pictures/11-30-2024-08:39PM.jpg
11-30-2024 08:44PM,20.40,68.54,Pictures/11-30-2024-08:44PM.jpg
11-30-2024 08:49PM,20.30,68.54,Pictures/11-30-2024-08:49PM.jpg
11-30-2024 08:54PM,20.30,68.72,Pictures/11-30-2024-08:54PM.jpg
11-30-2024 08:59PM,20.30,68.54,Pictures/11-30-2024-08:59PM.jpg
11-30-2024 09:04PM,20.30,68.54,Pictures/11-30-2024-09:04PM.jpg
11-30-2024 09:09PM,20.30,68.54,Pictures/11-30-2024-09:09PM.jpg
11-30-2024 09:14PM,20.30,68.54,Pictures/11-30-2024-09:14PM.jpg
11-30-2024 09:19PM,20.30,68.54,Pictures/11-30-2024-09:19PM.jpg
11-30-2024 09:24PM,20.30,68.54,Pictures/11-30-2024-09:24PM.jpg
11-30-2024 09:29PM,20.30,68.54,Pictures/11-30-2024-09:29PM.jpg
11-30-2024 09:35PM,20.30,68.54,Pictures/11-30-2024-09:35PM.jpg
11-30-2024 09:40PM,20.30,68.54,Pictures/11-30-2024-09:40PM.jpg
11-30-2024 09:45PM,20.30,68.54,Pictures/11-30-2024-09:45PM.jpg
11-30-2024 09:50PM,20.30,68.54,Pictures/11-30-2024-09:50PM.jpg
11-30-2024 09:55PM,20.30,68.54,Pictures/11-30-2024-09:55PM.jpg
11-30-2024 10:00PM,20.30,68.54,Pictures/11-30-2024-10:00PM.jpg
11-30-2024 10:05PM,20.30,68.54,Pictures/11-30-2024-10:05PM.jpg
11-30-2024 10:10PM,20.30,68.54,Pictures/11-30-2024-10:10PM.jpg
11-30-2024 10:15PM,20.30,68.54,Pictures/11-30-2024-10:15PM.jpg
11-30-2024 10:20PM,20.30,68.54,Pictures/11-30-2024-10:20PM.jpg
11-30-2024 10:25PM,20.30,68.54,Pictures/11-30-2024-10:25PM.jpg
11-30-2024 10:30PM,20.30,68.54,Pictures/11-30-2024-10:30PM.jpg
11-30-2024 10:35PM,20.30,68.54,Pictures/11-30-2024-10:35PM.jpg
11-30-2024 10:40PM,20.30,68.54,Pictures/11-30-2024-10:40PM.jpg
11-30-2024 10:45PM,20.30,68.54,Pictures/11-30-2024-10:45PM.jpg
11-30-2024 10:50PM,20.30,68.54,Pictures/11-30-2024-10:50PM.jpg
11-30-2024 10:55PM,20.30,68.54,Pictures/11-30-2024-10:55PM.jpg
11-30-2024 11:00PM,20.30,68.54,Pictures/11-30-2024-11:00PM.jpg
11-30-2024 11:05PM,20.30,68.54,Pictures/11-30-2024-11:05PM.jpg
11-30-2024 11:10PM,20.30,68.54,Pictures/11-30-2024-11:10PM.jpg
11-30-2024 11:15PM,20.30,68.54,Pictures/11-30-2024-11:15PM.jpg
11-30-2024 11:20PM,20.30,68.54,Pictures/11-30-2024-11:20PM.jpg
11-30-2024 11:25PM,20.30,68.54,Pictures/11-30-2024-11:25PM.jpg
11-30-2024 11:30PM,20.30,68.54,Pictures/11-30-2024-11:30PM.jpg
11-30-2024 11:35PM,20.30,68.54,Pictures/11-30-2024-11:35PM.jpg
11-30-2024 11:40PM,20.30,68.54,Pictures/11-30-2024-11:40PM.jpg
11-30-2024 11:45PM,20.30,68.54,Pictures/11-30-2024-11:45PM.jpg
11-30-2024 11:50PM,20.30,68.54,Pictures/11-30-2024-11:50PM.jpg
11-30-2024 11:55PM,20.30,68.54,Pictures/11-30-2024-11:55PM.jpg
12-01-2024 12:00AM,20.30,68.54,Pictures/12-01-2024-12:00AM.jpg
12-01-2024 12:05AM,20.30,68.54,Pictures/12-01-2024-12:05AM.jpg
12-01-2024 12:10AM,20.30,68.54,Pictures/12-01-2024-12:10AM.jpg
12-01-2024 12:15AM,20.30,68.54,Pictures/12-01-2024-12:15AM.jpg
12-01-2024 12:20AM,20.30,68.54,Pictures/12-01-2024-12:20AM.jpg
12-01-2024 12:25AM,20.30,68.54,Pictures/12-01-2024-12:25AM.jpg
12-01-2024 12:30AM,20.30,68.54,Pictures/12-01-2024-12:30AM.jpg
12-01-2024 12:35AM,20.30,68.54,Pictures/12-01-2024-12:35AM.jpg
12-01-2024 12:40AM,20.30,68.54,Pictures/12-01-2024-12:40AM.jpg
12-01-2024 12:45AM,20.30,68.54,Pictures/12-01-2024-12:45AM.jpg
12-01-2024 12:50AM,20.30,68.54,Pictures/12-01-2024-12:50AM.jpg
12-01-2024 12:55AM,20.30,68.54,Pictures/12-01-2024-12:55AM.jpg
12-01-2024 01:00AM,20.30,68.54,Pictures/12-01-2024-01:00AM.jpg
12-01-2024 01:05AM,20.30,68.54,Pictures/12-01-2024-01:05AM.jpg
12-01-2024 01:10AM,20.30,68.54,Pictures/12-01-2024-01:10AM.jpg
12-01-2024 01:15AM,20.30,68.54,Pictures/12-01-2024-01:15AM.jpg
12-01-2024 01:20AM,20.30,68.54,Pictures/12-01-2024-01:20AM.jpg
12-01-2024 01:25AM,20.30,68.54,Pictures/12-01-2024-01:25AM.jpg
12-01-2024 01:30AM,20.30,68.54,Pictures/12-01-2024-01:30AM.jpg
12-01-2024 01:35AM,20.30,68.54,Pictures/12-01-2024-01:35AM.jpg
12-01-2024 01:40AM,20.30,68.54,Pictures/12-01-2024-01:40AM.jpg
12-01-2024 01:45AM,20.30,68.54,Pictures/12-01-2024-01:45AM.jpg
12-01-2024 01:50AM,20.30,68.54,Pictures/12-01-2024-01:50AM.jpg
12-01-2024 01:55AM,20.30,68.54,Pictures/12-01-2024-01:55AM.jpg
12-01-2024 02:00AM,20.30,68.54,Pictures/12-01-2024-02:00AM.jpg
12-01-2024 02:05AM,20.30,68.54,Pictures/12-01-2024-02:05AM.jpg
12-01-2024 02:10AM,20.30,68.54,Pictures/12-01-2024-02:10AM.jpg
12-01-2024 02:15AM,20.30,68.54,Pictures/12-01-2024-02:15AM.jpg
12-01-2024 02:20AM,20.30,68.54,Pictures/12-01-2024-02:20AM.jpg
12-01-2024 02:25AM,20.30,68.54,Pictures/12-01-2024-02:25AM.jpg
12-01-2024 02:30AM,20.30,68.54,Pictures/12-01-2024-02:30AM.jpg
12-01-2024 02:35AM,20.30,68.54,Pictures/12-01-2024-02:35AM.jpg
12-01-2024 02:40AM,20.30,68.54,Pictures/12-01-2024-02:40AM.jpg
12-01-2024 02:45AM,20.30,68.54,Pictures/12-01-2024-02:45AM.jpg
12-01-2024 02:50AM,20.30,68.54,Pictures/12-01-2024-02:50AM.jpg
12-01-2024 02:55AM,20.30,68.54,Pictures/12-01-2024-02:55AM.jpg
12-01-2024 03:00AM,20.30,68.54,Pictures/12-01-2024-03:00AM.jpg
12-01-2024 03:05AM,20.30,68.54,Pictures/12-01-2024-03:05AM.jpg
12-01-2024 03:10AM,20.30,68.54,Pictures/12-01-2024-03:10AM.jpg
12-01-2024 03:15AM,20.30,68.54,Pictures/12-01-2024-03:15AM.jpg
12-01-2024 03:20AM,20.30,68.54,Pictures/12-01-2024-03:20AM.jpg
12-01-2024 03:25AM,20.30,68.54,Pictures/12-01-2024-03:25AM.jpg
12-01-2024 03:30AM,20.30,68.54,Pictures/12-01-2024-03:30AM.jpg
12-01-2024 03:35AM,20.30,68.54,Pictures/12-01-2024-03:35AM.jpg
12-01-2024 03:40AM,20.30,68.54,Pictures/12-01-2024-03:40AM.jpg
12-01-2024 03:45AM,20.30,68.54,Pictures/12-01-2024-03:45AM.jpg
12-01-2024 03:50AM,20.30,68.54,Pictures/12-01-2024-03:50AM.jpg
12-01-2024 03:55AM,20.30,68.54,Pictures/12-01-2024-03:55AM.jpg
12-01-2024 04:00AM,20.30,68.54,Pictures/12-01-2024-04:00AM.jpg
12-01-2024 04:05AM,20.30,68.54,Pictures/12-01-2024-04:05AM.jpg
12-01-2024 04:10AM,20.30,68.54,Pictures/12-01-2024-04:10AM.jpg
12-01-2024 04:15AM,20.30,68.54,Pictures/12-01-2024-04:15AM.jpg
12-01-2024 04:20AM,20.30,68.54,Pictures/12-01-2024-04:20AM.jpg
12-01-2024 04:25AM,20.30,68.54,Pictures/12-01-2024-04:25AM.jpg
12-01-2024 04:30AM,20.30,68.54,Pictures/12-01-2024-04:30AM.jpg
12-01-2024 04:35AM,20.30,68.54,Pictures/12-01-2024-04:35AM.jpg
12-01-2024 04:40AM,20.30,68.54,Pictures/12-01-2024-04:40AM.jpg
12-01-2024 04:45AM,20.30,68.54,Pictures/12-01-2024-04:45AM.jpg
12-01-2024 04:50AM,20.30,68.54,Pictures/12-01-2024-04:50AM.jpg
12-01-2024 04:55AM,20.30,68.54,Pictures/12-01-2024-04:55AM.jpg
12-01-2024 05:00AM,20.30,68.54,Pictures/12-01-2024-05:00AM.jpg
12-01-2024 05:05AM,20.30,68.54,Pictures/12-01-2024-05:05AM.jpg
12-01-2024 05:10AM,20.30,68.54,Pictures/12-01-2024-05:10AM.jpg
12-01-2024 05:15AM,20.30,68.54,Pictures/12-01-2024-05:15AM.jpg
12-01-2024 05:20AM,20.30,68.54,Pictures/12-01-2024-05:20AM.jpg
12-01-2024 05:25AM,20.30,68.54,Pictures/12-01-2024-05:25AM.jpg
12-01-2024 05:30AM,20.30,68.54,Pictures/12-01-2024-05:30AM.jpg
12-01-2024 05:35AM,20.30,68.54,Pictures/12-01-2024-05:35AM.jpg
12-01-2024 05:40AM,20.30,68.54,Pictures/12-01-2024-05:40AM.jpg
12-01-2024 05:45AM,20.20,68.36,Pictures/12-01-2024-05:45AM.jpg
12-01-2024 05:50AM,20.20,68.36,Pictures/12-01-2024-05:50AM.jpg
12-01-2024 05:55AM,20.20,68.54,Pictures/12-01-2024-05:55AM.jpg
12-01-2024 06:00AM,20.30,68.36,Pictures/12-01-2024-06:00AM.jpg
12-01-2024 06:05AM,20.30,68.54,Pictures/12-01-2024-06:05AM.jpg
12-01-2024 06:10AM,20.30,68.54,Pictures/12-01-2024-06:10AM.jpg
12-01-2024 06:15AM,20.30,68.54,Pictures/12-01-2024-06:15AM.jpg
12-01-2024 06:20AM,20.30,68.54,Pictures/12-01-2024-06:20AM.jpg
12-01-2024 06:25AM,20.30,68.54,Pictures/12-01-2024-06:25AM.jpg
12-01-2024 06:30AM,20.30,68.54,Pictures/12-01-2024-06:30AM.jpg
12-01-2024 06:36AM,20.30,68.54,Pictures/12-01-2024-06:36AM.jpg
12-01-2024 06:41AM,20.30,68.54,Pictures/12-01-2024-06:41AM.jpg
12-01-2024 06:46AM,20.30,68.54,Pictures/12-01-2024-06:46AM.jpg
12-01-2024 06:51AM,20.30,68.54,Pictures/12-01-2024-06:51AM.jpg
12-01-2024 06:56AM,20.30,68.54,Pictures/12-01-2024-06:56AM.jpg
12-01-2024 07:01AM,20.30,68.54,Pictures/12-01-2024-07:01AM.jpg
12-01-2024 07:06AM,20.30,68.54,Pictures/12-01-2024-07:06AM.jpg
12-01-2024 07:11AM,20.20,68.54,Pictures/12-01-2024-07:11AM.jpg
12-01-2024 07:16AM,20.20,68.54,Pictures/12-01-2024-07:16AM.jpg
12-01-2024 07:21AM,20.30,68.54,Pictures/12-01-2024-07:21AM.jpg
12-01-2024 07:26AM,20.20,68.36,Pictures/12-01-2024-07:26AM.jpg
12-01-2024 07:31AM,20.20,68.36,Pictures/12-01-2024-07:31AM.jpg
12-01-2024 07:36AM,20.20,68.54,Pictures/12-01-2024-07:36AM.jpg
12-01-2024 07:41AM,20.20,68.36,Pictures/12-01-2024-07:41AM.jpg
12-01-2024 07:46AM,20.20,68.36,Pictures/12-01-2024-07:46AM.jpg
12-01-2024 07:51AM,20.20,68.36,Pictures/12-01-2024-07:51AM.jpg
12-01-2024 07:56AM,20.20,68.36,Pictures/12-01-2024-07:56AM.jpg
12-01-2024 08:01AM,20.20,68.36,Pictures/12-01-2024-08:01AM.jpg
12-01-2024 08:06AM,20.20,68.36,Pictures/12-01-2024-08:06AM.jpg
12-01-2024 08:11AM,20.20,68.36,Pictures/12-01-2024-08:11AM.jpg
12-01-2024 08:16AM,20.20,68.36,Pictures/12-01-2024-08:16AM.jpg
12-01-2024 08:21AM,20.20,68.36,Pictures/12-01-2024-08:21AM.jpg
12-01-2024 08:26AM,20.20,68.36,Pictures/12-01-2024-08:26AM.jpg
12-01-2024 08:31AM,20.30,68.36,Pictures/12-01-2024-08:31AM.jpg
12-01-2024 08:36AM,20.20,68.36,Pictures/12-01-2024-08:36AM.jpg
12-01-2024 08:41AM,20.20,68.36,Pictures/12-01-2024-08:41AM.jpg
12-01-2024 08:46AM,20.30,68.36,Pictures/12-01-2024-08:46AM.jpg
12-01-2024 08:51AM,20.20,68.36,Pictures/12-01-2024-08:51AM.jpg
12-01-2024 08:56AM,20.20,68.36,Pictures/12-01-2024-08:56AM.jpg
12-01-2024 09:01AM,20.20,68.36,Pictures/12-01-2024-09:01AM.jpg
12-01-2024 09:06AM,20.20,68.36,Pictures/12-01-2024-09:06AM.jpg
12-01-2024 09:11AM,20.20,68.36,Pictures/12-01-2024-09:11AM.jpg
12-01-2024 09:16AM,20.20,68.36,Pictures/12-01-2024-09:16AM.jpg
12-01-2024 09:21AM,20.20,68.36,Pictures/12-01-2024-09:21AM.jpg
12-01-2024 09:26AM,20.20,68.36,Pictures/12-01-2024-09:26AM.jpg
12-01-2024 09:31AM,20.20,68.36,Pictures/12-01-2024-09:31AM.jpg
12-01-2024 09:36AM,20.20,68.36,Pictures/12-01-2024-09:36AM.jpg
12-01-2024 09:41AM,20.20,68.36,Pictures/12-01-2024-09:41AM.jpg
12-01-2024 09:46AM,20.20,68.36,Pictures/12-01-2024-09:46AM.jpg
12-01-2024 09:51AM,20.20,68.36,Pictures/12-01-2024-09:51AM.jpg
12-01-2024 09:56AM,20.20,68.36,Pictures/12-01-2024-09:56AM.jpg
12-01-2024 10:01AM,20.20,68.36,Pictures/12-01-2024-10:01AM.jpg
12-01-2024 10:06AM,20.20,68.36,Pictures/12-01-2024-10:06AM.jpg
12-01-2024 10:11AM,20.20,68.36,Pictures/12-01-2024-10:11AM.jpg
12-01-2024 10:16AM,20.20,68.36,Pictures/12-01-2024-10:16AM.jpg
12-01-2024 10:21AM,20.20,68.36,Pictures/12-01-2024-10:21AM.jpg
12-01-2024 10:26AM,20.20,68.36,Pictures/12-01-2024-10:26AM.jpg
12-01-2024 10:31AM,20.20,68.36,Pictures/12-01-2024-10:31AM.jpg
12-01-2024 10:36AM,20.20,68.36,Pictures/12-01-2024-10:36AM.jpg
12-01-2024 10:41AM,20.20,68.36,Pictures/12-01-2024-10:41AM.jpg
12-01-2024 10:46AM,20.20,68.36,Pictures/12-01-2024-10:46AM.jpg
12-01-2024 10:51AM,20.20,68.36,Pictures/12-01-2024-10:51AM.jpg
12-01-2024 10:56AM,20.20,68.36,Pictures/12-01-2024-10:56AM.jpg
12-01-2024 11:01AM,20.20,68.36,Pictures/12-01-2024-11:01AM.jpg
12-01-2024 11:06AM,20.20,68.36,Pictures/12-01-2024-11:06AM.jpg
12-01-2024 11:11AM,20.20,68.36,Pictures/12-01-2024-11:11AM.jpg
12-01-2024 11:16AM,20.20,68.36,Pictures/12-01-2024-11:16AM.jpg
12-01-2024 11:21AM,20.20,68.36,Pictures/12-01-2024-11:21AM.jpg
12-01-2024 11:26AM,20.20,68.36,Pictures/12-01-2024-11:26AM.jpg
12-01-2024 11:31AM,20.20,68.36,Pictures/12-01-2024-11:31AM.jpg
12-01-2024 11:36AM,20.20,68.36,Pictures/12-01-2024-11:36AM.jpg
12-01-2024 11:41AM,20.20,68.36,Pictures/12-01-2024-11:41AM.jpg
12-01-2024 11:46AM,20.20,68.36,Pictures/12-01-2024-11:46AM.jpg
12-01-2024 11:51AM,20.20,68.36,Pictures/12-01-2024-11:51AM.jpg
12-01-2024 11:56AM,20.20,68.36,Pictures/12-01-2024-11:56AM.jpg
12-01-2024 12:01PM,20.20,68.36,Pictures/12-01-2024-12:01PM.jpg
12-01-2024 12:06PM,20.20,68.36,Pictures/12-01-2024-12:06PM.jpg
12-01-2024 12:11PM,20.20,68.36,Pictures/12-01-2024-12:11PM.jpg
12-01-2024 12:16PM,20.20,68.36,Pictures/12-01-2024-12:16PM.jpg
12-01-2024 12:21PM,20.20,68.36,Pictures/12-01-2024-12:21PM.jpg
12-01-2024 12:26PM,20.20,68.36,Pictures/12-01-2024-12:26PM.jpg
12-01-2024 12:31PM,20.20,68.36,Pictures/12-01-2024-12:31PM.jpg
12-01-2024 12:36PM,20.20,68.36,Pictures/12-01-2024-12:36PM.jpg
12-01-2024 12:41PM,20.20,68.36,Pictures/12-01-2024-12:41PM.jpg
12-01-2024 12:46PM,20.20,68.36,Pictures/12-01-2024-12:46PM.jpg
12-01-2024 12:51PM,20.20,68.36,Pictures/12-01-2024-12:51PM.jpg
12-01-2024 12:56PM,20.20,68.36,Pictures/12-01-2024-12:56PM.jpg
12-01-2024 01:01PM,20.20,68.36,Pictures/12-01-2024-01:01PM.jpg
12-01-2024 01:06PM,20.20,68.36,Pictures/12-01-2024-01:06PM.jpg
12-01-2024 01:11PM,20.20,68.36,Pictures/12-01-2024-01:11PM.jpg
12-01-2024 01:16PM,20.20,68.36,Pictures/12-01-2024-01:16PM.jpg
12-01-2024 01:21PM,20.20,68.36,Pictures/12-01-2024-01:21PM.jpg
12-01-2024 01:26PM,20.20,68.36,Pictures/12-01-2024-01:26PM.jpg
12-01-2024 01:31PM,20.20,68.36,Pictures/12-01-2024-01:31PM.jpg
12-01-2024 01:36PM,20.20,68.36,Pictures/12-01-2024-01:36PM.jpg
12-01-2024 01:41PM,20.20,68.36,Pictures/12-01-2024-01:41PM.jpg
12-01-2024 01:46PM,20.20,68.36,Pictures/12-01-2024-01:46PM.jpg
12-01-2024 01:51PM,20.20,68.36,Pictures/12-01-2024-01:51PM.jpg
12-01-2024 01:56PM,20.20,68.36,Pictures/12-01-2024-01:56PM.jpg
12-01-2024 02:01PM,20.20,68.36,Pictures/12-01-2024-02:01PM.jpg
12-01-2024 02:06PM,20.20,68.36,Pictures/12-01-2024-02:06PM.jpg
12-01-2024 02:11PM,20.20,68.36,Pictures/12-01-2024-02:11PM.jpg
12-01-2024 02:16PM,20.20,68.36,Pictures/12-01-2024-02:16PM.jpg
12-01-2024 02:21PM,20.20,68.36,Pictures/12-01-2024-02:21PM.jpg
12-01-2024 02:26PM,20.20,68.36,Pictures/12-01-2024-02:26PM.jpg
12-01-2024 02:31PM,20.20,68.36,Pictures/12-01-2024-02:31PM.jpg
12-01-2024 02:36PM,20.20,68.36,Pictures/12-01-2024-02:36PM.jpg
12-01-2024 02:41PM,20.20,68.36,Pictures/12-01-2024-02:41PM.jpg
12-01-2024 02:46PM,20.20,68.36,Pictures/12-01-2024-02:46PM.jpg
12-01-2024 02:51PM,20.20,68.36,Pictures/12-01-2024-02:51PM.jpg
12-01-2024 02:56PM,20.20,68.36,Pictures/12-01-2024-02:56PM.jpg
12-01-2024 03:01PM,20.20,68.36,Pictures/12-01-2024-03:01PM.jpg
12-01-2024 03:06PM,20.20,68.36,Pictures/12-01-2024-03:06PM.jpg
12-01-2024 03:11PM,20.20,68.36,Pictures/12-01-2024-03:11PM.jpg
12-01-2024 03:16PM,20.20,68.36,Pictures/12-01-2024-03:16PM.jpg
12-01-2024 03:21PM,20.20,68.36,Pictures/12-01-2024-03:21PM.jpg
12-01-2024 03:26PM,20.20,68.36,Pictures/12-01-2024-03:26PM.jpg
12-01-2024 03:31PM,20.20,68.36,Pictures/12-01-2024-03:31PM.jpg
12-01-2024 03:37PM,20.20,68.36,Pictures/12-01-2024-03:37PM.jpg
12-01-2024 03:42PM,20.20,68.36,Pictures/12-01-2024-03:42PM.jpg
12-01-2024 03:47PM,20.20,68.36,Pictures/12-01-2024-03:47PM.jpg
12-01-2024 03:52PM,20.20,68.36,Pictures/12-01-2024-03:52PM.jpg
12-01-2024 03:57PM,20.20,68.36,Pictures/12-01-2024-03:57PM.jpg
12-01-2024 04:02PM,20.20,68.36,Pictures/12-01-2024-04:02PM.jpg
12-01-2024 04:07PM,20.20,68.36,Pictures/12-01-2024-04:07PM.jpg
12-01-2024 04:12PM,20.20,68.18,Pictures/12-01-2024-04:12PM.jpg
12-01-2024 04:17PM,20.20,68.36,Pictures/12-01-2024-04:17PM.jpg
12-01-2024 04:22PM,20.20,68.36,Pictures/12-01-2024-04:22PM.jpg
12-01-2024 04:27PM,20.20,68.36,Pictures/12-01-2024-04:27PM.jpg
12-01-2024 04:32PM,20.20,68.36,Pictures/12-01-2024-04:32PM.jpg
12-01-2024 04:37PM,20.20,68.36,Pictures/12-01-2024-04:37PM.jpg
12-01-2024 04:42PM,20.20,68.36,Pictures/12-01-2024-04:42PM.jpg
12-01-2024 04:47PM,20.20,68.36,Pictures/12-01-2024-04:47PM.jpg
12-01-2024 04:52PM,20.20,68.36,Pictures/12-01-2024-04:52PM.jpg
12-01-2024 04:57PM,20.10,68.18,Pictures/12-01-2024-04:57PM.jpg
12-01-2024 05:02PM,20.10,68.18,Pictures/12-01-2024-05:02PM.jpg
12-01-2024 05:07PM,20.10,68.18,Pictures/12-01-2024-05:07PM.jpg
12-01-2024 05:12PM,20.10,68.18,Pictures/12-01-2024-05:12PM.jpg
12-01-2024 05:17PM,20.10,68.18,Pictures/12-01-2024-05:17PM.jpg
12-01-2024 05:22PM,20.10,68.18,Pictures/12-01-2024-05:22PM.jpg
12-01-2024 05:27PM,20.10,68.18,Pictures/12-01-2024-05:27PM.jpg
12-01-2024 05:32PM,20.10,68.18,Pictures/12-01-2024-05:32PM.jpg
12-01-2024 05:37PM,20.10,68.18,Pictures/12-01-2024-05:37PM.jpg
12-01-2024 05:42PM,20.10,68.18,Pictures/12-01-2024-05:42PM.jpg
12-01-2024 05:47PM,20.10,68.18,Pictures/12-01-2024-05:47PM.jpg
12-01-2024 05:52PM,20.10,68.18,Pictures/12-01-2024-05:52PM.jpg
12-01-2024 05:57PM,20.10,68.18,Pictures/12-01-2024-05:57PM.jpg
12-01-2024 06:02PM,20.10,68.18,Pictures/12-01-2024-06:02PM.jpg
12-01-2024 06:07PM,20.10,68.18,Pictures/12-01-2024-06:07PM.jpg
12-01-2024 06:12PM,20.10,68.18,Pictures/12-01-2024-06:12PM.jpg
12-01-2024 06:17PM,20.10,68.18,Pictures/12-01-2024-06:17PM.jpg
12-01-2024 06:22PM,20.10,68.18,Pictures/12-01-2024-06:22PM.jpg
12-01-2024 06:27PM,20.10,68.18,Pictures/12-01-2024-06:27PM.jpg
12-01-2024 06:32PM,20.10,68.18,Pictures/12-01-2024-06:32PM.jpg
12-01-2024 06:37PM,20.00,68.18,Pictures/12-01-2024-06:37PM.jpg
12-01-2024 06:42PM,20.10,68.18,Pictures/12-01-2024-06:42PM.jpg
12-01-2024 06:47PM,20.00,68.00,Pictures/12-01-2024-06:47PM.jpg
12-01-2024 06:52PM,20.00,68.00,Pictures/12-01-2024-06:52PM.jpg
12-01-2024 06:57PM,20.10,68.00,Pictures/12-01-2024-06:57PM.jpg
12-01-2024 07:02PM,20.10,68.00,Pictures/12-01-2024-07:02PM.jpg
12-01-2024 07:07PM,20.00,68.18,Pictures/12-01-2024-07:07PM.jpg
12-01-2024 07:12PM,20.10,68.00,Pictures/12-01-2024-07:12PM.jpg
12-01-2024 07:17PM,20.00,68.18,Pictures/12-01-2024-07:17PM.jpg
12-01-2024 07:22PM,20.00,68.00,Pictures/12-01-2024-07:22PM.jpg
12-01-2024 07:27PM,20.00,68.00,Pictures/12-01-2024-07:27PM.jpg
12-01-2024 07:32PM,20.00,68.00,Pictures/12-01-2024-07:32PM.jpg
12-01-2024 07:37PM,20.00,68.00,Pictures/12-01-2024-07:37PM.jpg
12-01-2024 07:42PM,20.00,68.00,Pictures/12-01-2024-07:42PM.jpg
12-01-2024 07:47PM,20.00,68.00,Pictures/12-01-2024-07:47PM.jpg
12-01-2024 07:52PM,20.00,68.00,Pictures/12-01-2024-07:52PM.jpg
12-01-2024 07:57PM,20.00,68.00,Pictures/12-01-2024-07:57PM.jpg
12-01-2024 08:02PM,20.00,68.00,Pictures/12-01-2024-08:02PM.jpg
12-01-2024 08:07PM,20.00,68.00,Pictures/12-01-2024-08:07PM.jpg
12-01-2024 08:12PM,20.00,68.00,Pictures/12-01-2024-08:12PM.jpg
12-01-2024 08:17PM,20.00,68.00,Pictures/12-01-2024-08:17PM.jpg
12-01-2024 08:22PM,20.00,68.00,Pictures/12-01-2024-08:22PM.jpg
12-01-2024 08:27PM,20.00,68.00,Pictures/12-01-2024-08:27PM.jpg
12-01-2024 08:32PM,20.00,68.00,Pictures/12-01-2024-08:32PM.jpg
12-01-2024 08:37PM,20.00,68.00,Pictures/12-01-2024-08:37PM.jpg
12-01-2024 08:42PM,20.00,68.00,Pictures/12-01-2024-08:42PM.jpg
12-01-2024 08:47PM,20.00,68.00,Pictures/12-01-2024-08:47PM.jpg
12-01-2024 08:52PM,20.00,68.00,Pictures/12-01-2024-08:52PM.jpg
12-01-2024 08:57PM,20.00,68.00,Pictures/12-01-2024-08:57PM.jpg
12-01-2024 09:02PM,20.00,68.00,Pictures/12-01-2024-09:02PM.jpg
12-01-2024 09:07PM,20.00,68.00,Pictures/12-01-2024-09:07PM.jpg
12-01-2024 09:12PM,20.00,68.00,Pictures/12-01-2024-09:12PM.jpg
12-01-2024 09:17PM,20.00,68.00,Pictures/12-01-2024-09:17PM.jpg
12-01-2024 09:22PM,20.00,68.00,Pictures/12-01-2024-09:22PM.jpg
12-01-2024 09:27PM,20.00,68.00,Pictures/12-01-2024-09:27PM.jpg
12-01-2024 09:32PM,20.00,68.00,Pictures/12-01-2024-09:32PM.jpg
12-01-2024 09:37PM,20.00,68.00,Pictures/12-01-2024-09:37PM.jpg
12-01-2024 09:42PM,20.00,68.00,Pictures/12-01-2024-09:42PM.jpg
12-01-2024 09:47PM,20.00,68.00,Pictures/12-01-2024-09:47PM.jpg
12-01-2024 09:52PM,20.00,68.00,Pictures/12-01-2024-09:52PM.jpg
12-01-2024 09:57PM,20.00,68.00,Pictures/12-01-2024-09:57PM.jpg
12-01-2024 10:02PM,20.00,68.00,Pictures/12-01-2024-10:02PM.jpg
12-01-2024 10:07PM,20.00,68.00,Pictures/12-01-2024-10:07PM.jpg
12-01-2024 10:12PM,20.00,68.00,Pictures/12-01-2024-10:12PM.jpg
12-01-2024 10:17PM,20.00,68.00,Pictures/12-01-2024-10:17PM.jpg
12-01-2024 10:22PM,20.00,68.00,Pictures/12-01-2024-10:22PM.jpg
12-01-2024 10:27PM,20.00,68.00,Pictures/12-01-2024-10:27PM.jpg
12-01-2024 10:32PM,20.00,68.00,Pictures/12-01-2024-10:32PM.jpg
12-01-2024 10:37PM,20.00,68.00,Pictures/12-01-2024-10:37PM.jpg
12-01-2024 10:42PM,20.00,68.00,Pictures/12-01-2024-10:42PM.jpg
12-01-2024 10:47PM,20.00,68.00,Pictures/12-01-2024-10:47PM.jpg
12-01-2024 10:52PM,20.00,68.00,Pictures/12-01-2024-10:52PM.jpg
12-01-2024 10:57PM,20.00,68.00,Pictures/12-01-2024-10:57PM.jpg
12-01-2024 11:02PM,20.00,68.00,Pictures/12-01-2024-11:02PM.jpg
12-01-2024 11:07PM,20.00,68.00,Pictures/12-01-2024-11:07PM.jpg
12-01-2024 11:12PM,20.00,68.00,Pictures/12-01-2024-11:12PM.jpg
12-01-2024 11:17PM,20.00,68.00,Pictures/12-01-2024-11:17PM.jpg
12-01-2024 11:22PM,20.00,68.00,Pictures/12-01-2024-11:22PM.jpg
12-01-2024 11:27PM,20.00,68.00,Pictures/12-01-2024-11:27PM.jpg
12-01-2024 11:32PM,20.00,68.00,Pictures/12-01-2024-11:32PM.jpg
12-01-2024 11:37PM,20.00,68.00,Pictures/12-01-2024-11:37PM.jpg
12-01-2024 11:42PM,20.00,68.00,Pictures/12-01-2024-11:42PM.jpg
12-01-2024 11:47PM,19.90,67.82,Pictures/12-01-2024-11:47PM.jpg
12-01-2024 11:52PM,20.00,68.00,Pictures/12-01-2024-11:52PM.jpg
12-01-2024 11:57PM,20.00,68.00,Pictures/12-01-2024-11:57PM.jpg
12-02-2024 12:02AM,19.90,67.82,Pictures/12-02-2024-12:02AM.jpg
12-02-2024 12:07AM,19.90,67.82,Pictures/12-02-2024-12:07AM.jpg
12-02-2024 12:12AM,20.00,67.82,Pictures/12-02-2024-12:12AM.jpg
12-02-2024 12:17AM,20.00,67.82,Pictures/12-02-2024-12:17AM.jpg
12-02-2024 12:22AM,19.90,67.82,Pictures/12-02-2024-12:22AM.jpg
12-02-2024 12:27AM,19.90,67.82,Pictures/12-02-2024-12:27AM.jpg
12-02-2024 12:32AM,19.90,67.82,Pictures/12-02-2024-12:32AM.jpg
12-02-2024 12:38AM,19.90,67.82,Pictures/12-02-2024-12:38AM.jpg
12-02-2024 12:43AM,19.90,67.82,Pictures/12-02-2024-12:43AM.jpg
12-02-2024 12:48AM,19.90,67.82,Pictures/12-02-2024-12:48AM.jpg
12-02-2024 12:53AM,19.90,67.82,Pictures/12-02-2024-12:53AM.jpg
12-02-2024 12:58AM,19.90,67.82,Pictures/12-02-2024-12:58AM.jpg
12-02-2024 01:03AM,19.90,67.82,Pictures/12-02-2024-01:03AM.jpg
12-02-2024 01:08AM,19.90,67.82,Pictures/12-02-2024-01:08AM.jpg
12-02-2024 01:13AM,19.90,67.82,Pictures/12-02-2024-01:13AM.jpg
12-02-2024 01:18AM,19.90,67.82,Pictures/12-02-2024-01:18AM.jpg
12-02-2024 01:23AM,19.90,67.82,Pictures/12-02-2024-01:23AM.jpg
12-02-2024 01:28AM,19.90,67.82,Pictures/12-02-2024-01:28AM.jpg
12-02-2024 01:33AM,19.90,67.82,Pictures/12-02-2024-01:33AM.jpg
12-02-2024 01:38AM,19.90,67.82,Pictures/12-02-2024-01:38AM.jpg
12-02-2024 01:43AM,19.90,67.82,Pictures/12-02-2024-01:43AM.jpg
12-02-2024 01:48AM,19.80,67.82,Pictures/12-02-2024-01:48AM.jpg
12-02-2024 01:53AM,19.80,67.64,Pictures/12-02-2024-01:53AM.jpg
12-02-2024 01:58AM,19.90,67.64,Pictures/12-02-2024-01:58AM.jpg
12-02-2024 02:03AM,19.80,67.64,Pictures/12-02-2024-02:03AM.jpg
12-02-2024 02:08AM,19.80,67.64,Pictures/12-02-2024-02:08AM.jpg
12-02-2024 02:13AM,19.80,67.64,Pictures/12-02-2024-02:13AM.jpg
12-02-2024 02:18AM,19.80,67.64,Pictures/12-02-2024-02:18AM.jpg
12-02-2024 02:23AM,19.80,67.64,Pictures/12-02-2024-02:23AM.jpg
12-02-2024 02:28AM,19.80,67.64,Pictures/12-02-2024-02:28AM.jpg
12-02-2024 02:33AM,19.80,67.64,Pictures/12-02-2024-02:33AM.jpg
12-02-2024 02:38AM,19.80,67.64,Pictures/12-02-2024-02:38AM.jpg
12-02-2024 02:43AM,19.80,67.64,Pictures/12-02-2024-02:43AM.jpg
12-02-2024 02:48AM,19.80,67.64,Pictures/12-02-2024-02:48AM.jpg
12-02-2024 02:53AM,19.80,67.64,Pictures/12-02-2024-02:53AM.jpg
12-02-2024 02:58AM,19.80,67.64,Pictures/12-02-2024-02:58AM.jpg
12-02-2024 03:03AM,19.80,67.64,Pictures/12-02-2024-03:03AM.jpg
12-02-2024 03:08AM,19.80,67.64,Pictures/12-02-2024-03:08AM.jpg
12-02-2024 03:13AM,19.80,67.64,Pictures/12-02-2024-03:13AM.jpg
12-02-2024 03:18AM,19.80,67.64,Pictures/12-02-2024-03:18AM.jpg
12-02-2024 03:23AM,19.80,67.64,Pictures/12-02-2024-03:23AM.jpg
12-02-2024 03:28AM,19.80,67.64,Pictures/12-02-2024-03:28AM.jpg
12-02-2024 03:33AM,19.80,67.64,Pictures/12-02-2024-03:33AM.jpg
12-02-2024 03:38AM,19.80,67.64,Pictures/12-02-2024-03:38AM.jpg
12-02-2024 03:43AM,19.80,67.64,Pictures/12-02-2024-03:43AM.jpg
12-02-2024 03:48AM,19.80,67.46,Pictures/12-02-2024-03:48AM.jpg
12-02-2024 03:53AM,19.70,67.64,Pictures/12-02-2024-03:53AM.jpg
12-02-2024 03:58AM,19.70,67.46,Pictures/12-02-2024-03:58AM.jpg
12-02-2024 04:03AM,19.70,67.46,Pictures/12-02-2024-04:03AM.jpg
12-02-2024 04:08AM,19.70,67.46,Pictures/12-02-2024-04:08AM.jpg
12-02-2024 04:13AM,19.70,67.46,Pictures/12-02-2024-04:13AM.jpg
12-02-2024 04:18AM,19.70,67.46,Pictures/12-02-2024-04:18AM.jpg
12-02-2024 04:23AM,19.70,67.46,Pictures/12-02-2024-04:23AM.jpg
12-02-2024 04:28AM,19.70,67.46,Pictures/12-02-2024-04:28AM.jpg
12-02-2024 04:33AM,19.70,67.46,Pictures/12-02-2024-04:33AM.jpg
12-02-2024 04:38AM,19.70,67.46,Pictures/12-02-2024-04:38AM.jpg
12-02-2024 04:43AM,19.70,67.46,Pictures/12-02-2024-04:43AM.jpg
12-02-2024 04:48AM,19.70,67.46,Pictures/12-02-2024-04:48AM.jpg
12-02-2024 04:53AM,19.70,67.46,Pictures/12-02-2024-04:53AM.jpg
12-02-2024 04:58AM,19.70,67.46,Pictures/12-02-2024-04:58AM.jpg
12-02-2024 05:03AM,19.70,67.46,Pictures/12-02-2024-05:03AM.jpg
12-02-2024 05:08AM,19.70,67.46,Pictures/12-02-2024-05:08AM.jpg
12-02-2024 05:13AM,19.70,67.46,Pictures/12-02-2024-05:13AM.jpg
12-02-2024 05:18AM,19.70,67.46,Pictures/12-02-2024-05:18AM.jpg
12-02-2024 05:23AM,19.70,67.46,Pictures/12-02-2024-05:23AM.jpg
12-02-2024 05:28AM,19.70,67.46,Pictures/12-02-2024-05:28AM.jpg
12-02-2024 05:33AM,19.70,67.46,Pictures/12-02-2024-05:33AM.jpg
12-02-2024 05:38AM,19.70,67.46,Pictures/12-02-2024-05:38AM.jpg
12-02-2024 05:43AM,19.70,67.46,Pictures/12-02-2024-05:43AM.jpg
12-02-2024 05:48AM,19.70,67.46,Pictures/12-02-2024-05:48AM.jpg
12-02-2024 05:53AM,19.70,67.46,Pictures/12-02-2024-05:53AM.jpg
12-02-2024 05:58AM,19.70,67.46,Pictures/12-02-2024-05:58AM.jpg
12-02-2024 06:03AM,19.70,67.46,Pictures/12-02-2024-06:03AM.jpg
12-02-2024 06:08AM,19.70,67.46,Pictures/12-02-2024-06:08AM.jpg
12-02-2024 06:13AM,19.70,67.46,Pictures/12-02-2024-06:13AM.jpg
12-02-2024 06:18AM,19.70,67.46,Pictures/12-02-2024-06:18AM.jpg
12-02-2024 06:23AM,19.70,67.46,Pictures/12-02-2024-06:23AM.jpg
12-02-2024 06:28AM,19.70,67.46,Pictures/12-02-2024-06:28AM.jpg
12-02-2024 06:33AM,19.70,67.46,Pictures/12-02-2024-06:33AM.jpg
12-02-2024 06:38AM,19.70,67.46,Pictures/12-02-2024-06:38AM.jpg
12-02-2024 06:43AM,19.70,67.46,Pictures/12-02-2024-06:43AM.jpg
12-02-2024 06:48AM,19.70,67.46,Pictures/12-02-2024-06:48AM.jpg
12-02-2024 06:53AM,19.70,67.46,Pictures/12-02-2024-06:53AM.jpg
12-02-2024 06:58AM,19.70,67.46,Pictures/12-02-2024-06:58AM.jpg
12-02-2024 07:03AM,19.70,67.46,Pictures/12-02-2024-07:03AM.jpg
12-02-2024 07:08AM,19.70,67.46,Pictures/12-02-2024-07:08AM.jpg
12-02-2024 07:13AM,19.70,67.46,Pictures/12-02-2024-07:13AM.jpg
12-02-2024 07:18AM,19.70,67.46,Pictures/12-02-2024-07:18AM.jpg
12-02-2024 07:23AM,19.70,67.46,Pictures/12-02-2024-07:23AM.jpg
12-02-2024 07:28AM,19.70,67.46,Pictures/12-02-2024-07:28AM.jpg
12-02-2024 07:33AM,19.70,67.46,Pictures/12-02-2024-07:33AM.jpg
12-02-2024 07:38AM,19.70,67.46,Pictures/12-02-2024-07:38AM.jpg
12-02-2024 07:43AM,19.70,67.46,Pictures/12-02-2024-07:43AM.jpg
12-02-2024 07:48AM,19.70,67.46,Pictures/12-02-2024-07:48AM.jpg
12-02-2024 07:53AM,19.70,67.46,Pictures/12-02-2024-07:53AM.jpg
12-02-2024 07:58AM,19.70,67.46,Pictures/12-02-2024-07:58AM.jpg
12-02-2024 08:03AM,19.70,67.46,Pictures/12-02-2024-08:03AM.jpg
12-02-2024 08:08AM,19.70,67.46,Pictures/12-02-2024-08:08AM.jpg
12-02-2024 08:13AM,19.70,67.46,Pictures/12-02-2024-08:13AM.jpg
12-02-2024 08:18AM,19.70,67.46,Pictures/12-02-2024-08:18AM.jpg
12-02-2024 08:23AM,19.70,67.46,Pictures/12-02-2024-08:23AM.jpg
12-02-2024 08:28AM,19.70,67.46,Pictures/12-02-2024-08:28AM.jpg
12-02-2024 08:33AM,19.70,67.46,Pictures/12-02-2024-08:33AM.jpg
12-02-2024 08:38AM,19.70,67.46,Pictures/12-02-2024-08:38AM.jpg
12-02-2024 08:43AM,19.70,67.46,Pictures/12-02-2024-08:43AM.jpg
12-02-2024 08:48AM,19.70,67.46,Pictures/12-02-2024-08:48AM.jpg
12-02-2024 08:53AM,19.70,67.46,Pictures/12-02-2024-08:53AM.jpg
12-02-2024 08:58AM,19.70,67.46,Pictures/12-02-2024-08:58AM.jpg
12-02-2024 09:03AM,19.70,67.46,Pictures/12-02-2024-09:03AM.jpg
12-02-2024 09:08AM,19.70,67.46,Pictures/12-02-2024-09:08AM.jpg
12-02-2024 09:13AM,19.70,67.46,Pictures/12-02-2024-09:13AM.jpg
12-02-2024 09:18AM,19.70,67.46,Pictures/12-02-2024-09:18AM.jpg
12-02-2024 09:23AM,19.70,67.46,Pictures/12-02-2024-09:23AM.jpg
12-02-2024 09:28AM,19.70,67.46,Pictures/12-02-2024-09:28AM.jpg
12-02-2024 09:33AM,19.70,67.46,Pictures/12-02-2024-09:33AM.jpg
12-02-2024 09:39AM,19.70,67.46,Pictures/12-02-2024-09:39AM.jpg
12-02-2024 09:44AM,19.70,67.46,Pictures/12-02-2024-09:44AM.jpg
12-02-2024 09:49AM,19.70,67.46,Pictures/12-02-2024-09:49AM.jpg
12-02-2024 09:54AM,19.70,67.46,Pictures/12-02-2024-09:54AM.jpg
12-02-2024 09:59AM,19.70,67.46,Pictures/12-02-2024-09:59AM.jpg
12-02-2024 10:04AM,19.70,67.46,Pictures/12-02-2024-10:04AM.jpg
12-02-2024 10:09AM,19.70,67.46,Pictures/12-02-2024-10:09AM.jpg
12-02-2024 10:14AM,19.70,67.46,Pictures/12-02-2024-10:14AM.jpg
12-02-2024 10:19AM,19.70,67.46,Pictures/12-02-2024-10:19AM.jpg
12-02-2024 10:24AM,19.70,67.46,Pictures/12-02-2024-10:24AM.jpg
12-02-2024 10:29AM,19.70,67.46,Pictures/12-02-2024-10:29AM.jpg
12-02-2024 10:34AM,19.70,67.46,Pictures/12-02-2024-10:34AM.jpg
12-02-2024 10:39AM,19.70,67.46,Pictures/12-02-2024-10:39AM.jpg
12-02-2024 10:44AM,19.70,67.46,Pictures/12-02-2024-10:44AM.jpg
12-02-2024 10:49AM,19.70,67.46,Pictures/12-02-2024-10:49AM.jpg
12-02-2024 10:54AM,19.70,67.46,Pictures/12-02-2024-10:54AM.jpg
12-02-2024 10:59AM,19.70,67.46,Pictures/12-02-2024-10:59AM.jpg
12-02-2024 11:04AM,19.70,67.46,Pictures/12-02-2024-11:04AM.jpg
12-02-2024 11:09AM,19.70,67.46,Pictures/12-02-2024-11:09AM.jpg
12-02-2024 11:14AM,19.70,67.46,Pictures/12-02-2024-11:14AM.jpg
12-02-2024 11:19AM,19.70,67.46,Pictures/12-02-2024-11:19AM.jpg
12-02-2024 11:24AM,19.70,67.46,Pictures/12-02-2024-11:24AM.jpg
12-02-2024 11:29AM,19.70,67.46,Pictures/12-02-2024-11:29AM.jpg
12-02-2024 11:34AM,19.70,67.46,Pictures/12-02-2024-11:34AM.jpg
12-02-2024 11:39AM,19.70,67.46,Pictures/12-02-2024-11:39AM.jpg
12-02-2024 11:44AM,19.70,67.46,Pictures/12-02-2024-11:44AM.jpg
12-02-2024 11:49AM,19.70,67.46,Pictures/12-02-2024-11:49AM.jpg
12-02-2024 11:54AM,19.70,67.46,Pictures/12-02-2024-11:54AM.jpg
12-02-2024 11:59AM,19.70,67.46,Pictures/12-02-2024-11:59AM.jpg
12-02-2024 12:04PM,19.70,67.46,Pictures/12-02-2024-12:04PM.jpg
12-02-2024 12:09PM,19.70,67.46,Pictures/12-02-2024-12:09PM.jpg
12-02-2024 12:14PM,19.70,67.46,Pictures/12-02-2024-12:14PM.jpg
12-02-2024 12:19PM,19.70,67.46,Pictures/12-02-2024-12:19PM.jpg
12-02-2024 12:24PM,19.70,67.46,Pictures/12-02-2024-12:24PM.jpg
12-02-2024 12:29PM,19.70,67.46,Pictures/12-02-2024-12:29PM.jpg
12-02-2024 12:34PM,19.70,67.46,Pictures/12-02-2024-12:34PM.jpg
12-02-2024 12:39PM,19.70,67.46,Pictures/12-02-2024-12:39PM.jpg
12-02-2024 12:44PM,19.70,67.46,Pictures/12-02-2024-12:44PM.jpg
12-02-2024 12:49PM,19.70,67.46,Pictures/12-02-2024-12:49PM.jpg
12-02-2024 12:54PM,19.70,67.46,Pictures/12-02-2024-12:54PM.jpg
12-02-2024 12:59PM,19.70,67.46,Pictures/12-02-2024-12:59PM.jpg
12-02-2024 01:04PM,19.70,67.46,Pictures/12-02-2024-01:04PM.jpg
12-02-2024 01:09PM,19.70,67.46,Pictures/12-02-2024-01:09PM.jpg
12-02-2024 01:14PM,19.70,67.46,Pictures/12-02-2024-01:14PM.jpg
12-02-2024 01:19PM,19.70,67.46,Pictures/12-02-2024-01:19PM.jpg
12-02-2024 01:24PM,19.70,67.46,Pictures/12-02-2024-01:24PM.jpg
12-02-2024 01:29PM,19.70,67.46,Pictures/12-02-2024-01:29PM.jpg
12-02-2024 01:34PM,19.70,67.46,Pictures/12-02-2024-01:34PM.jpg
12-02-2024 01:39PM,19.70,67.46,Pictures/12-02-2024-01:39PM.jpg
12-02-2024 01:44PM,19.70,67.46,Pictures/12-02-2024-01:44PM.jpg
12-02-2024 01:49PM,19.70,67.46,Pictures/12-02-2024-01:49PM.jpg
12-02-2024 01:54PM,19.70,67.46,Pictures/12-02-2024-01:54PM.jpg
12-02-2024 01:59PM,19.70,67.46,Pictures/12-02-2024-01:59PM.jpg
12-02-2024 02:04PM,19.70,67.46,Pictures/12-02-2024-02:04PM.jpg
12-02-2024 02:09PM,19.70,67.46,Pictures/12-02-2024-02:09PM.jpg
12-02-2024 02:14PM,19.70,67.46,Pictures/12-02-2024-02:14PM.jpg
12-02-2024 02:19PM,19.70,67.46,Pictures/12-02-2024-02:19PM.jpg
12-02-2024 02:24PM,19.70,67.46,Pictures/12-02-2024-02:24PM.jpg
12-02-2024 02:29PM,19.70,67.46,Pictures/12-02-2024-02:29PM.jpg
12-02-2024 02:34PM,19.70,67.46,Pictures/12-02-2024-02:34PM.jpg
12-02-2024 02:39PM,19.70,67.46,Pictures/12-02-2024-02:39PM.jpg
12-02-2024 02:44PM,19.70,67.46,Pictures/12-02-2024-02:44PM.jpg
12-02-2024 02:49PM,19.70,67.46,Pictures/12-02-2024-02:49PM.jpg
12-02-2024 02:54PM,19.70,67.46,Pictures/12-02-2024-02:54PM.jpg
12-02-2024 02:59PM,19.70,67.46,Pictures/12-02-2024-02:59PM.jpg
12-02-2024 03:04PM,19.70,67.46,Pictures/12-02-2024-03:04PM.jpg
12-02-2024 03:09PM,19.70,67.46,Pictures/12-02-2024-03:09PM.jpg
12-02-2024 03:14PM,19.70,67.46,Pictures/12-02-2024-03:14PM.jpg
12-02-2024 03:19PM,19.70,67.46,Pictures/12-02-2024-03:19PM.jpg
12-02-2024 03:24PM,19.70,67.46,Pictures/12-02-2024-03:24PM.jpg
12-02-2024 03:29PM,19.70,67.46,Pictures/12-02-2024-03:29PM.jpg
12-02-2024 03:34PM,19.70,67.46,Pictures/12-02-2024-03:34PM.jpg
12-02-2024 03:39PM,19.70,67.46,Pictures/12-02-2024-03:39PM.jpg
12-02-2024 03:44PM,19.70,67.46,Pictures/12-02-2024-03:44PM.jpg
12-02-2024 03:49PM,19.70,67.46,Pictures/12-02-2024-03:49PM.jpg
12-02-2024 03:54PM,19.70,67.46,Pictures/12-02-2024-03:54PM.jpg
12-02-2024 03:59PM,19.70,67.46,Pictures/12-02-2024-03:59PM.jpg
12-02-2024 04:04PM,19.70,67.46,Pictures/12-02-2024-04:04PM.jpg
12-02-2024 04:09PM,19.70,67.46,Pictures/12-02-2024-04:09PM.jpg
12-02-2024 04:14PM,19.70,67.46,Pictures/12-02-2024-04:14PM.jpg
12-02-2024 04:19PM,19.70,67.46,Pictures/12-02-2024-04:19PM.jpg
12-02-2024 04:24PM,19.70,67.46,Pictures/12-02-2024-04:24PM.jpg
12-02-2024 04:29PM,19.70,67.46,Pictures/12-02-2024-04:29PM.jpg
12-02-2024 04:34PM,19.70,67.46,Pictures/12-02-2024-04:34PM.jpg
12-02-2024 04:39PM,19.70,67.46,Pictures/12-02-2024-04:39PM.jpg
12-02-2024 04:44PM,19.70,67.46,Pictures/12-02-2024-04:44PM.jpg
12-02-2024 04:49PM,19.70,67.46,Pictures/12-02-2024-04:49PM.jpg
12-02-2024 04:54PM,19.70,67.46,Pictures/12-02-2024-04:54PM.jpg
12-02-2024 04:59PM,19.70,67.46,Pictures/12-02-2024-04:59PM.jpg
12-02-2024 05:04PM,19.70,67.46,Pictures/12-02-2024-05:04PM.jpg
12-02-2024 05:09PM,19.70,67.46,Pictures/12-02-2024-05:09PM.jpg
12-02-2024 05:14PM,19.70,67.46,Pictures/12-02-2024-05:14PM.jpg
12-02-2024 05:19PM,19.80,67.46,Pictures/12-02-2024-05:19PM.jpg
12-02-2024 05:24PM,19.80,67.64,Pictures/12-02-2024-05:24PM.jpg
12-02-2024 05:29PM,19.80,67.64,Pictures/12-02-2024-05:29PM.jpg
12-02-2024 05:34PM,19.80,67.64,Pictures/12-02-2024-05:34PM.jpg
12-02-2024 05:39PM,19.80,67.64,Pictures/12-02-2024-05:39PM.jpg
12-02-2024 05:44PM,19.80,67.64,Pictures/12-02-2024-05:44PM.jpg
12-02-2024 05:49PM,19.80,67.64,Pictures/12-02-2024-05:49PM.jpg
12-02-2024 05:54PM,19.80,67.64,Pictures/12-02-2024-05:54PM.jpg
12-02-2024 05:59PM,19.80,67.64,Pictures/12-02-2024-05:59PM.jpg
12-02-2024 06:04PM,19.80,67.64,Pictures/12-02-2024-06:04PM.jpg
12-02-2024 06:09PM,19.80,67.64,Pictures/12-02-2024-06:09PM.jpg
12-02-2024 06:14PM,19.80,67.64,Pictures/12-02-2024-06:14PM.jpg
12-02-2024 06:19PM,19.80,67.64,Pictures/12-02-2024-06:19PM.jpg
12-02-2024 06:24PM,19.80,67.64,Pictures/12-02-2024-06:24PM.jpg
12-02-2024 06:29PM,19.80,67.64,Pictures/12-02-2024-06:29PM.jpg
12-02-2024 06:34PM,19.80,67.64,Pictures/12-02-2024-06:34PM.jpg
12-02-2024 06:40PM,19.80,67.64,Pictures/12-02-2024-06:40PM.jpg
12-02-2024 06:45PM,19.80,67.64,Pictures/12-02-2024-06:45PM.jpg
12-02-2024 06:50PM,19.80,67.64,Pictures/12-02-2024-06:50PM.jpg
12-02-2024 06:55PM,19.80,67.64,Pictures/12-02-2024-06:55PM.jpg
12-02-2024 07:00PM,19.80,67.64,Pictures/12-02-2024-07:00PM.jpg
12-02-2024 07:05PM,19.80,67.64,Pictures/12-02-2024-07:05PM.jpg
12-02-2024 07:10PM,19.80,67.64,Pictures/12-02-2024-07:10PM.jpg
12-02-2024 07:15PM,19.80,67.64,Pictures/12-02-2024-07:15PM.jpg
12-02-2024 07:20PM,19.80,67.64,Pictures/12-02-2024-07:20PM.jpg
12-02-2024 07:25PM,19.80,67.64,Pictures/12-02-2024-07:25PM.jpg
12-02-2024 07:30PM,19.80,67.64,Pictures/12-02-2024-07:30PM.jpg
12-02-2024 07:35PM,19.80,67.64,Pictures/12-02-2024-07:35PM.jpg
12-02-2024 07:40PM,19.80,67.64,Pictures/12-02-2024-07:40PM.jpg
12-02-2024 07:45PM,19.80,67.64,Pictures/12-02-2024-07:45PM.jpg
12-02-2024 07:50PM,19.80,67.64,Pictures/12-02-2024-07:50PM.jpg
12-02-2024 07:55PM,19.80,67.64,Pictures/12-02-2024-07:55PM.jpg
12-02-2024 08:00PM,19.80,67.64,Pictures/12-02-2024-08:00PM.jpg
12-02-2024 08:05PM,19.80,67.64,Pictures/12-02-2024-08:05PM.jpg
12-02-2024 08:10PM,19.80,67.64,Pictures/12-02-2024-08:10PM.jpg
12-02-2024 08:15PM,19.80,67.64,Pictures/12-02-2024-08:15PM.jpg
12-02-2024 08:20PM,19.80,67.64,Pictures/12-02-2024-08:20PM.jpg
12-02-2024 08:25PM,19.80,67.64,Pictures/12-02-2024-08:25PM.jpg
12-02-2024 08:30PM,19.80,67.64,Pictures/12-02-2024-08:30PM.jpg
12-02-2024 08:35PM,19.80,67.64,Pictures/12-02-2024-08:35PM.jpg
12-02-2024 08:40PM,19.80,67.64,Pictures/12-02-2024-08:40PM.jpg
12-02-2024 08:45PM,19.80,67.64,Pictures/12-02-2024-08:45PM.jpg
12-02-2024 08:50PM,19.80,67.64,Pictures/12-02-2024-08:50PM.jpg
12-02-2024 08:55PM,19.80,67.64,Pictures/12-02-2024-08:55PM.jpg
12-02-2024 09:00PM,19.80,67.64,Pictures/12-02-2024-09:00PM.jpg
12-02-2024 09:05PM,19.80,67.64,Pictures/12-02-2024-09:05PM.jpg
12-02-2024 09:10PM,19.70,67.64,Pictures/12-02-2024-09:10PM.jpg
12-02-2024 09:15PM,19.80,67.64,Pictures/12-02-2024-09:15PM.jpg
12-02-2024 09:20PM,19.80,67.64,Pictures/12-02-2024-09:20PM.jpg
12-02-2024 09:25PM,19.80,67.64,Pictures/12-02-2024-09:25PM.jpg
12-02-2024 09:30PM,19.80,67.64,Pictures/12-02-2024-09:30PM.jpg
12-02-2024 09:35PM,19.80,67.64,Pictures/12-02-2024-09:35PM.jpg
12-02-2024 09:40PM,19.80,67.64,Pictures/12-02-2024-09:40PM.jpg
12-02-2024 09:45PM,19.80,67.64,Pictures/12-02-2024-09:45PM.jpg
12-02-2024 09:50PM,19.80,67.64,Pictures/12-02-2024-09:50PM.jpg
12-02-2024 09:55PM,19.80,67.64,Pictures/12-02-2024-09:55PM.jpg
12-02-2024 10:00PM,19.80,67.64,Pictures/12-02-2024-10:00PM.jpg
12-02-2024 10:05PM,19.80,67.64,Pictures/12-02-2024-10:05PM.jpg
12-02-2024 10:10PM,19.80,67.64,Pictures/12-02-2024-10:10PM.jpg
12-02-2024 10:15PM,19.80,67.64,Pictures/12-02-2024-10:15PM.jpg
12-02-2024 10:20PM,19.70,67.64,Pictures/12-02-2024-10:20PM.jpg
12-02-2024 10:25PM,19.80,67.64,Pictures/12-02-2024-10:25PM.jpg
12-02-2024 10:30PM,19.70,67.64,Pictures/12-02-2024-10:30PM.jpg
12-02-2024 10:35PM,19.80,67.64,Pictures/12-02-2024-10:35PM.jpg
12-02-2024 10:40PM,19.70,67.64,Pictures/12-02-2024-10:40PM.jpg
12-02-2024 10:45PM,19.80,67.46,Pictures/12-02-2024-10:45PM.jpg
12-02-2024 10:50PM,19.70,67.64,Pictures/12-02-2024-10:50PM.jpg
12-02-2024 10:55PM,19.70,67.46,Pictures/12-02-2024-10:55PM.jpg
12-02-2024 11:00PM,19.70,67.46,Pictures/12-02-2024-11:00PM.jpg
12-02-2024 11:05PM,19.70,67.46,Pictures/12-02-2024-11:05PM.jpg
12-02-2024 11:10PM,19.70,67.46,Pictures/12-02-2024-11:10PM.jpg
12-02-2024 11:15PM,19.70,67.64,Pictures/12-02-2024-11:15PM.jpg
12-02-2024 11:20PM,19.70,67.46,Pictures/12-02-2024-11:20PM.jpg
12-02-2024 11:25PM,19.70,67.46,Pictures/12-02-2024-11:25PM.jpg
12-02-2024 11:30PM,19.70,67.46,Pictures/12-02-2024-11:30PM.jpg
12-02-2024 11:35PM,19.70,67.46,Pictures/12-02-2024-11:35PM.jpg
12-02-2024 11:40PM,19.70,67.46,Pictures/12-02-2024-11:40PM.jpg
12-02-2024 11:45PM,19.70,67.46,Pictures/12-02-2024-11:45PM.jpg
12-02-2024 11:50PM,19.70,67.46,Pictures/12-02-2024-11:50PM.jpg
12-02-2024 11:55PM,19.70,67.64,Pictures/12-02-2024-11:55PM.jpg
12-03-2024 12:00AM,19.80,67.46,Pictures/12-03-2024-12:00AM.jpg
12-03-2024 12:05AM,19.80,67.46,Pictures/12-03-2024-12:05AM.jpg
12-03-2024 12:10AM,19.80,67.46,Pictures/12-03-2024-12:10AM.jpg
12-03-2024 12:15AM,19.80,67.64,Pictures/12-03-2024-12:15AM.jpg
12-03-2024 12:20AM,19.80,67.64,Pictures/12-03-2024-12:20AM.jpg
12-03-2024 12:25AM,19.80,67.64,Pictures/12-03-2024-12:25AM.jpg
12-03-2024 12:30AM,19.80,67.64,Pictures/12-03-2024-12:30AM.jpg
12-03-2024 12:35AM,19.80,67.64,Pictures/12-03-2024-12:35AM.jpg
12-03-2024 12:40AM,19.80,67.64,Pictures/12-03-2024-12:40AM.jpg
12-03-2024 12:45AM,19.80,67.64,Pictures/12-03-2024-12:45AM.jpg
12-03-2024 12:50AM,19.80,67.64,Pictures/12-03-2024-12:50AM.jpg
12-03-2024 12:55AM,19.80,67.64,Pictures/12-03-2024-12:55AM.jpg
12-03-2024 01:00AM,19.80,67.64,Pictures/12-03-2024-01:00AM.jpg
12-03-2024 01:05AM,19.80,67.64,Pictures/12-03-2024-01:05AM.jpg
12-03-2024 01:10AM,19.80,67.64,Pictures/12-03-2024-01:10AM.jpg
12-03-2024 01:15AM,19.80,67.64,Pictures/12-03-2024-01:15AM.jpg
12-03-2024 01:20AM,19.80,67.64,Pictures/12-03-2024-01:20AM.jpg
12-03-2024 01:25AM,19.80,67.64,Pictures/12-03-2024-01:25AM.jpg
12-03-2024 01:30AM,19.80,67.64,Pictures/12-03-2024-01:30AM.jpg
12-03-2024 01:35AM,19.80,67.64,Pictures/12-03-2024-01:35AM.jpg
12-03-2024 01:40AM,19.80,67.64,Pictures/12-03-2024-01:40AM.jpg
12-03-2024 01:45AM,19.80,67.64,Pictures/12-03-2024-01:45AM.jpg
12-03-2024 01:50AM,19.80,67.64,Pictures/12-03-2024-01:50AM.jpg
12-03-2024 01:55AM,19.80,67.64,Pictures/12-03-2024-01:55AM.jpg
12-03-2024 02:00AM,19.80,67.64,Pictures/12-03-2024-02:00AM.jpg
12-03-2024 02:05AM,19.80,67.64,Pictures/12-03-2024-02:05AM.jpg
12-03-2024 02:10AM,19.80,67.82,Pictures/12-03-2024-02:10AM.jpg
12-03-2024 02:15AM,19.80,67.64,Pictures/12-03-2024-02:15AM.jpg
12-03-2024 02:20AM,19.80,67.64,Pictures/12-03-2024-02:20AM.jpg
12-03-2024 02:25AM,19.80,67.64,Pictures/12-03-2024-02:25AM.jpg
12-03-2024 02:30AM,19.80,67.64,Pictures/12-03-2024-02:30AM.jpg
12-03-2024 02:35AM,19.80,67.82,Pictures/12-03-2024-02:35AM.jpg
12-03-2024 02:40AM,19.80,67.82,Pictures/12-03-2024-02:40AM.jpg
12-03-2024 02:45AM,19.90,67.64,Pictures/12-03-2024-02:45AM.jpg
12-03-2024 02:50AM,19.90,67.82,Pictures/12-03-2024-02:50AM.jpg
12-03-2024 02:55AM,19.90,67.82,Pictures/12-03-2024-02:55AM.jpg
12-03-2024 03:00AM,19.90,67.82,Pictures/12-03-2024-03:00AM.jpg
12-03-2024 03:05AM,19.90,67.82,Pictures/12-03-2024-03:05AM.jpg
12-03-2024 03:10AM,19.90,67.82,Pictures/12-03-2024-03:10AM.jpg
12-03-2024 03:15AM,19.90,67.82,Pictures/12-03-2024-03:15AM.jpg
12-03-2024 03:20AM,19.90,67.82,Pictures/12-03-2024-03:20AM.jpg
12-03-2024 03:25AM,19.90,67.82,Pictures/12-03-2024-03:25AM.jpg
12-03-2024 03:30AM,19.90,67.82,Pictures/12-03-2024-03:30AM.jpg
12-03-2024 03:35AM,19.90,67.82,Pictures/12-03-2024-03:35AM.jpg
12-03-2024 03:41AM,19.90,67.82,Pictures/12-03-2024-03:41AM.jpg
12-03-2024 03:46AM,19.90,67.82,Pictures/12-03-2024-03:46AM.jpg
12-03-2024 03:51AM,19.90,67.82,Pictures/12-03-2024-03:51AM.jpg
12-03-2024 03:56AM,19.90,67.82,Pictures/12-03-2024-03:56AM.jpg
12-03-2024 04:01AM,19.90,67.82,Pictures/12-03-2024-04:01AM.jpg
12-03-2024 04:06AM,19.90,67.82,Pictures/12-03-2024-04:06AM.jpg
12-03-2024 04:11AM,19.90,67.82,Pictures/12-03-2024-04:11AM.jpg
12-03-2024 04:16AM,19.90,67.82,Pictures/12-03-2024-04:16AM.jpg
12-03-2024 04:21AM,19.90,67.82,Pictures/12-03-2024-04:21AM.jpg
12-03-2024 04:26AM,19.90,67.82,Pictures/12-03-2024-04:26AM.jpg
12-03-2024 04:31AM,19.90,67.82,Pictures/12-03-2024-04:31AM.jpg
12-03-2024 04:36AM,19.90,67.82,Pictures/12-03-2024-04:36AM.jpg
12-03-2024 04:41AM,19.90,67.82,Pictures/12-03-2024-04:41AM.jpg
12-03-2024 04:46AM,19.90,67.82,Pictures/12-03-2024-04:46AM.jpg
12-03-2024 04:51AM,19.90,67.82,Pictures/12-03-2024-04:51AM.jpg
12-03-2024 04:56AM,19.90,67.82,Pictures/12-03-2024-04:56AM.jpg
12-03-2024 05:01AM,19.90,67.82,Pictures/12-03-2024-05:01AM.jpg
12-03-2024 05:06AM,19.90,67.82,Pictures/12-03-2024-05:06AM.jpg
12-03-2024 05:11AM,19.90,67.82,Pictures/12-03-2024-05:11AM.jpg
12-03-2024 05:16AM,19.90,67.82,Pictures/12-03-2024-05:16AM.jpg
12-03-2024 05:21AM,19.90,67.82,Pictures/12-03-2024-05:21AM.jpg
12-03-2024 05:26AM,19.90,67.82,Pictures/12-03-2024-05:26AM.jpg
12-03-2024 05:31AM,19.90,67.82,Pictures/12-03-2024-05:31AM.jpg
12-03-2024 05:36AM,19.90,67.82,Pictures/12-03-2024-05:36AM.jpg
12-03-2024 05:41AM,19.90,67.82,Pictures/12-03-2024-05:41AM.jpg
12-03-2024 05:46AM,19.90,67.82,Pictures/12-03-2024-05:46AM.jpg
12-03-2024 05:51AM,19.90,67.82,Pictures/12-03-2024-05:51AM.jpg
12-03-2024 05:56AM,19.90,67.82,Pictures/12-03-2024-05:56AM.jpg
12-03-2024 06:01AM,19.90,67.82,Pictures/12-03-2024-06:01AM.jpg
12-03-2024 06:06AM,19.90,67.82,Pictures/12-03-2024-06:06AM.jpg
12-03-2024 06:11AM,19.90,67.82,Pictures/12-03-2024-06:11AM.jpg
12-03-2024 06:16AM,19.90,67.82,Pictures/12-03-2024-06:16AM.jpg
12-03-2024 06:21AM,19.90,67.82,Pictures/12-03-2024-06:21AM.jpg
12-03-2024 06:26AM,19.90,67.82,Pictures/12-03-2024-06:26AM.jpg
12-03-2024 06:31AM,19.90,67.82,Pictures/12-03-2024-06:31AM.jpg
12-03-2024 06:36AM,19.90,67.82,Pictures/12-03-2024-06:36AM.jpg
12-03-2024 06:41AM,19.90,67.82,Pictures/12-03-2024-06:41AM.jpg
12-03-2024 06:46AM,19.90,67.82,Pictures/12-03-2024-06:46AM.jpg
12-03-2024 06:51AM,19.90,67.82,Pictures/12-03-2024-06:51AM.jpg
12-03-2024 06:56AM,19.90,67.82,Pictures/12-03-2024-06:56AM.jpg
12-03-2024 07:01AM,19.90,67.82,Pictures/12-03-2024-07:01AM.jpg
12-03-2024 07:06AM,19.90,67.82,Pictures/12-03-2024-07:06AM.jpg
12-03-2024 07:11AM,19.90,67.82,Pictures/12-03-2024-07:11AM.jpg
12-03-2024 07:16AM,19.90,67.82,Pictures/12-03-2024-07:16AM.jpg
12-03-2024 07:21AM,19.90,67.82,Pictures/12-03-2024-07:21AM.jpg
12-03-2024 07:26AM,19.90,67.82,Pictures/12-03-2024-07:26AM.jpg
12-03-2024 07:31AM,19.90,67.82,Pictures/12-03-2024-07:31AM.jpg
12-03-2024 07:36AM,19.90,67.82,Pictures/12-03-2024-07:36AM.jpg
12-03-2024 07:41AM,19.90,67.82,Pictures/12-03-2024-07:41AM.jpg
12-03-2024 07:46AM,19.90,67.82,Pictures/12-03-2024-07:46AM.jpg
12-03-2024 07:51AM,19.90,67.82,Pictures/12-03-2024-07:51AM.jpg
12-03-2024 07:56AM,19.90,67.82,Pictures/12-03-2024-07:56AM.jpg
12-03-2024 08:01AM,19.90,67.82,Pictures/12-03-2024-08:01AM.jpg
12-03-2024 08:06AM,19.90,67.82,Pictures/12-03-2024-08:06AM.jpg
12-03-2024 08:11AM,19.90,67.82,Pictures/12-03-2024-08:11AM.jpg
12-03-2024 08:16AM,19.90,67.82,Pictures/12-03-2024-08:16AM.jpg
12-03-2024 08:21AM,19.90,67.82,Pictures/12-03-2024-08:21AM.jpg
12-03-2024 08:26AM,19.90,67.82,Pictures/12-03-2024-08:26AM.jpg
12-03-2024 08:31AM,19.90,67.82,Pictures/12-03-2024-08:31AM.jpg
12-03-2024 08:36AM,19.90,67.82,Pictures/12-03-2024-08:36AM.jpg
12-03-2024 08:41AM,19.90,67.82,Pictures/12-03-2024-08:41AM.jpg
12-03-2024 08:46AM,19.90,67.82,Pictures/12-03-2024-08:46AM.jpg
12-03-2024 08:51AM,19.90,67.82,Pictures/12-03-2024-08:51AM.jpg
12-03-2024 08:56AM,19.90,67.82,Pictures/12-03-2024-08:56AM.jpg
12-03-2024 09:01AM,19.90,67.82,Pictures/12-03-2024-09:01AM.jpg
12-03-2024 09:06AM,19.90,67.82,Pictures/12-03-2024-09:06AM.jpg
12-03-2024 09:11AM,19.90,67.82,Pictures/12-03-2024-09:11AM.jpg
12-03-2024 09:16AM,19.90,67.82,Pictures/12-03-2024-09:16AM.jpg
12-03-2024 09:21AM,19.90,67.82,Pictures/12-03-2024-09:21AM.jpg
12-03-2024 09:26AM,19.90,67.82,Pictures/12-03-2024-09:26AM.jpg
12-03-2024 09:31AM,19.90,67.82,Pictures/12-03-2024-09:31AM.jpg
12-03-2024 09:36AM,19.90,67.82,Pictures/12-03-2024-09:36AM.jpg
12-03-2024 09:41AM,19.90,67.82,Pictures/12-03-2024-09:41AM.jpg
12-03-2024 09:46AM,19.90,67.82,Pictures/12-03-2024-09:46AM.jpg
12-03-2024 09:51AM,19.90,67.82,Pictures/12-03-2024-09:51AM.jpg
12-03-2024 09:56AM,19.90,67.82,Pictures/12-03-2024-09:56AM.jpg
12-03-2024 10:01AM,19.90,67.82,Pictures/12-03-2024-10:01AM.jpg
12-03-2024 10:06AM,19.90,67.82,Pictures/12-03-2024-10:06AM.jpg
12-03-2024 10:11AM,19.90,67.82,Pictures/12-03-2024-10:11AM.jpg
12-03-2024 10:16AM,19.90,67.82,Pictures/12-03-2024-10:16AM.jpg
12-03-2024 10:21AM,19.90,67.82,Pictures/12-03-2024-10:21AM.jpg
12-03-2024 10:26AM,19.90,67.82,Pictures/12-03-2024-10:26AM.jpg
12-03-2024 10:31AM,19.90,67.82,Pictures/12-03-2024-10:31AM.jpg
12-03-2024 10:36AM,19.90,67.82,Pictures/12-03-2024-10:36AM.jpg
12-03-2024 10:41AM,19.90,67.82,Pictures/12-03-2024-10:41AM.jpg
12-03-2024 10:46AM,19.90,67.82,Pictures/12-03-2024-10:46AM.jpg
12-03-2024 10:51AM,19.90,67.82,Pictures/12-03-2024-10:51AM.jpg
12-03-2024 10:56AM,19.90,67.82,Pictures/12-03-2024-10:56AM.jpg
12-03-2024 11:01AM,19.90,67.82,Pictures/12-03-2024-11:01AM.jpg
12-03-2024 11:06AM,19.90,67.82,Pictures/12-03-2024-11:06AM.jpg
12-03-2024 11:11AM,19.90,67.82,Pictures/12-03-2024-11:11AM.jpg
12-03-2024 11:16AM,19.90,67.82,Pictures/12-03-2024-11:16AM.jpg
12-03-2024 11:21AM,19.90,67.82,Pictures/12-03-2024-11:21AM.jpg
12-03-2024 11:26AM,19.90,67.82,Pictures/12-03-2024-11:26AM.jpg
12-03-2024 11:31AM,19.90,67.82,Pictures/12-03-2024-11:31AM.jpg
12-03-2024 11:36AM,19.90,67.82,Pictures/12-03-2024-11:36AM.jpg
12-03-2024 11:41AM,19.90,67.82,Pictures/12-03-2024-11:41AM.jpg
12-03-2024 11:46AM,19.90,67.82,Pictures/12-03-2024-11:46AM.jpg
12-03-2024 11:51AM,19.90,67.82,Pictures/12-03-2024-11:51AM.jpg
12-03-2024 11:56AM,19.90,67.82,Pictures/12-03-2024-11:56AM.jpg
12-03-2024 12:01PM,19.90,67.82,Pictures/12-03-2024-12:01PM.jpg
12-03-2024 12:06PM,19.90,67.82,Pictures/12-03-2024-12:06PM.jpg
12-03-2024 12:11PM,19.90,67.82,Pictures/12-03-2024-12:11PM.jpg
12-03-2024 12:16PM,19.90,67.82,Pictures/12-03-2024-12:16PM.jpg
12-03-2024 12:21PM,19.90,67.82,Pictures/12-03-2024-12:21PM.jpg
12-03-2024 12:26PM,19.90,67.82,Pictures/12-03-2024-12:26PM.jpg
12-03-2024 12:31PM,19.90,67.82,Pictures/12-03-2024-12:31PM.jpg
12-03-2024 12:36PM,19.90,67.82,Pictures/12-03-2024-12:36PM.jpg
12-03-2024 12:42PM,19.90,67.82,Pictures/12-03-2024-12:42PM.jpg
12-03-2024 12:47PM,19.90,67.82,Pictures/12-03-2024-12:47PM.jpg
12-03-2024 12:52PM,19.90,67.82,Pictures/12-03-2024-12:52PM.jpg
12-03-2024 12:57PM,19.90,67.82,Pictures/12-03-2024-12:57PM.jpg
12-03-2024 01:02PM,19.90,67.82,Pictures/12-03-2024-01:02PM.jpg
12-03-2024 01:07PM,19.90,67.82,Pictures/12-03-2024-01:07PM.jpg
12-03-2024 01:12PM,19.90,67.82,Pictures/12-03-2024-01:12PM.jpg
12-03-2024 01:17PM,19.90,67.82,Pictures/12-03-2024-01:17PM.jpg
12-03-2024 01:22PM,19.90,67.82,Pictures/12-03-2024-01:22PM.jpg
12-03-2024 01:27PM,19.90,67.82,Pictures/12-03-2024-01:27PM.jpg
12-03-2024 01:32PM,19.90,67.82,Pictures/12-03-2024-01:32PM.jpg
12-03-2024 01:37PM,19.90,67.82,Pictures/12-03-2024-01:37PM.jpg
12-03-2024 01:42PM,19.90,67.82,Pictures/12-03-2024-01:42PM.jpg
12-03-2024 01:47PM,19.90,67.82,Pictures/12-03-2024-01:47PM.jpg
12-03-2024 01:52PM,19.90,67.82,Pictures/12-03-2024-01:52PM.jpg
12-03-2024 01:57PM,19.90,67.82,Pictures/12-03-2024-01:57PM.jpg
12-03-2024 02:02PM,19.90,67.82,Pictures/12-03-2024-02:02PM.jpg
12-03-2024 02:07PM,19.90,67.82,Pictures/12-03-2024-02:07PM.jpg
12-03-2024 02:12PM,19.90,67.82,Pictures/12-03-2024-02:12PM.jpg
12-03-2024 02:17PM,19.90,67.82,Pictures/12-03-2024-02:17PM.jpg
12-03-2024 02:22PM,19.90,67.82,Pictures/12-03-2024-02:22PM.jpg
12-03-2024 02:27PM,19.90,67.82,Pictures/12-03-2024-02:27PM.jpg
12-03-2024 02:32PM,19.90,67.82,Pictures/12-03-2024-02:32PM.jpg
12-03-2024 02:37PM,19.90,67.82,Pictures/12-03-2024-02:37PM.jpg
12-03-2024 02:42PM,19.90,67.82,Pictures/12-03-2024-02:42PM.jpg
12-03-2024 02:47PM,19.90,67.82,Pictures/12-03-2024-02:47PM.jpg
12-03-2024 02:52PM,19.90,67.82,Pictures/12-03-2024-02:52PM.jpg
12-03-2024 02:57PM,19.90,67.82,Pictures/12-03-2024-02:57PM.jpg
12-03-2024 03:02PM,20.00,67.82,Pictures/12-03-2024-03:02PM.jpg
12-03-2024 03:07PM,19.90,67.82,Pictures/12-03-2024-03:07PM.jpg
12-03-2024 03:12PM,19.90,68.00,Pictures/12-03-2024-03:12PM.jpg
12-03-2024 03:17PM,20.00,68.00,Pictures/12-03-2024-03:17PM.jpg
12-03-2024 03:22PM,20.00,68.00,Pictures/12-03-2024-03:22PM.jpg
12-03-2024 03:27PM,20.00,68.00,Pictures/12-03-2024-03:27PM.jpg
12-03-2024 03:32PM,20.00,68.00,Pictures/12-03-2024-03:32PM.jpg
12-03-2024 03:37PM,20.00,68.00,Pictures/12-03-2024-03:37PM.jpg
12-03-2024 03:42PM,20.00,68.00,Pictures/12-03-2024-03:42PM.jpg
12-03-2024 03:47PM,20.00,68.00,Pictures/12-03-2024-03:47PM.jpg
12-03-2024 03:52PM,20.00,68.00,Pictures/12-03-2024-03:52PM.jpg
12-03-2024 03:57PM,20.00,68.00,Pictures/12-03-2024-03:57PM.jpg
12-03-2024 04:02PM,20.00,68.00,Pictures/12-03-2024-04:02PM.jpg
12-03-2024 04:07PM,20.00,68.00,Pictures/12-03-2024-04:07PM.jpg
12-03-2024 04:12PM,20.00,68.00,Pictures/12-03-2024-04:12PM.jpg
12-03-2024 04:17PM,20.00,68.00,Pictures/12-03-2024-04:17PM.jpg
12-03-2024 04:22PM,20.00,68.00,Pictures/12-03-2024-04:22PM.jpg
12-03-2024 04:27PM,20.00,68.00,Pictures/12-03-2024-04:27PM.jpg
12-03-2024 04:32PM,20.00,68.00,Pictures/12-03-2024-04:32PM.jpg
12-03-2024 04:37PM,20.00,68.00,Pictures/12-03-2024-04:37PM.jpg
12-03-2024 04:42PM,20.00,68.00,Pictures/12-03-2024-04:42PM.jpg
12-03-2024 04:47PM,20.00,68.00,Pictures/12-03-2024-04:47PM.jpg
12-03-2024 04:52PM,20.00,68.00,Pictures/12-03-2024-04:52PM.jpg
12-03-2024 04:57PM,20.00,68.00,Pictures/12-03-2024-04:57PM.jpg
12-03-2024 05:02PM,20.00,68.00,Pictures/12-03-2024-05:02PM.jpg
12-03-2024 05:07PM,20.00,68.00,Pictures/12-03-2024-05:07PM.jpg
12-03-2024 05:12PM,20.00,68.00,Pictures/12-03-2024-05:12PM.jpg
12-03-2024 05:17PM,20.00,68.00,Pictures/12-03-2024-05:17PM.jpg
12-03-2024 05:22PM,20.00,68.00,Pictures/12-03-2024-05:22PM.jpg
12-03-2024 05:27PM,20.00,68.00,Pictures/12-03-2024-05:27PM.jpg
12-03-2024 05:32PM,20.00,68.00,Pictures/12-03-2024-05:32PM.jpg
12-03-2024 05:37PM,20.00,68.00,Pictures/12-03-2024-05:37PM.jpg
12-03-2024 05:42PM,20.00,68.00,Pictures/12-03-2024-05:42PM.jpg
12-03-2024 05:47PM,20.00,68.00,Pictures/12-03-2024-05:47PM.jpg
12-03-2024 05:52PM,20.00,68.00,Pictures/12-03-2024-05:52PM.jpg
12-03-2024 05:57PM,20.00,68.00,Pictures/12-03-2024-05:57PM.jpg
12-03-2024 06:02PM,20.00,68.00,Pictures/12-03-2024-06:02PM.jpg
12-03-2024 06:07PM,20.00,68.00,Pictures/12-03-2024-06:07PM.jpg
12-03-2024 06:12PM,20.00,68.00,Pictures/12-03-2024-06:12PM.jpg
12-03-2024 06:17PM,20.00,68.00,Pictures/12-03-2024-06:17PM.jpg
12-03-2024 06:22PM,20.00,68.00,Pictures/12-03-2024-06:22PM.jpg
12-03-2024 06:27PM,20.00,68.00,Pictures/12-03-2024-06:27PM.jpg
12-03-2024 06:32PM,20.00,68.00,Pictures/12-03-2024-06:32PM.jpg
12-03-2024 06:37PM,20.00,68.00,Pictures/12-03-2024-06:37PM.jpg
12-03-2024 06:42PM,20.00,68.00,Pictures/12-03-2024-06:42PM.jpg
12-03-2024 06:47PM,20.00,68.00,Pictures/12-03-2024-06:47PM.jpg
12-03-2024 06:52PM,20.00,68.00,Pictures/12-03-2024-06:52PM.jpg
12-03-2024 06:57PM,20.00,68.00,Pictures/12-03-2024-06:57PM.jpg
12-03-2024 07:02PM,20.00,68.00,Pictures/12-03-2024-07:02PM.jpg
12-03-2024 07:07PM,20.00,68.00,Pictures/12-03-2024-07:07PM.jpg
12-03-2024 07:12PM,20.00,68.00,Pictures/12-03-2024-07:12PM.jpg
12-03-2024 07:17PM,20.00,68.00,Pictures/12-03-2024-07:17PM.jpg
12-03-2024 07:22PM,20.00,68.00,Pictures/12-03-2024-07:22PM.jpg
12-03-2024 07:27PM,20.00,68.00,Pictures/12-03-2024-07:27PM.jpg
12-03-2024 07:32PM,20.00,68.00,Pictures/12-03-2024-07:32PM.jpg
12-03-2024 07:37PM,20.00,68.18,Pictures/12-03-2024-07:37PM.jpg
12-03-2024 07:42PM,20.10,68.18,Pictures/12-03-2024-07:42PM.jpg
12-03-2024 07:47PM,20.00,68.00,Pictures/12-03-2024-07:47PM.jpg
12-03-2024 07:52PM,20.10,68.18,Pictures/12-03-2024-07:52PM.jpg
12-03-2024 07:57PM,20.10,68.18,Pictures/12-03-2024-07:57PM.jpg
12-03-2024 08:02PM,20.10,68.18,Pictures/12-03-2024-08:02PM.jpg
12-03-2024 08:07PM,20.10,68.18,Pictures/12-03-2024-08:07PM.jpg
12-03-2024 08:12PM,20.10,68.18,Pictures/12-03-2024-08:12PM.jpg
12-03-2024 08:17PM,20.10,68.18,Pictures/12-03-2024-08:17PM.jpg
12-03-2024 08:22PM,20.10,68.18,Pictures/12-03-2024-08:22PM.jpg
12-03-2024 08:27PM,20.10,68.18,Pictures/12-03-2024-08:27PM.jpg
12-03-2024 08:32PM,20.10,68.18,Pictures/12-03-2024-08:32PM.jpg
12-03-2024 08:37PM,20.10,68.18,Pictures/12-03-2024-08:37PM.jpg
12-03-2024 08:42PM,20.10,68.18,Pictures/12-03-2024-08:42PM.jpg
12-03-2024 08:47PM,20.10,68.18,Pictures/12-03-2024-08:47PM.jpg
12-03-2024 08:52PM,20.10,68.18,Pictures/12-03-2024-08:52PM.jpg
12-03-2024 08:57PM,20.10,68.18,Pictures/12-03-2024-08:57PM.jpg
12-03-2024 09:02PM,20.10,68.18,Pictures/12-03-2024-09:02PM.jpg
12-03-2024 09:07PM,20.10,68.18,Pictures/12-03-2024-09:07PM.jpg
12-03-2024 09:12PM,20.10,68.18,Pictures/12-03-2024-09:12PM.jpg
